Symbol,Previous Signal,Current Signal,Action Category,Notes
ENRIN,HOLD_ADD,FADING,⚠️ DOWNGRADE (Action: Caution/Trim),Changed from HOLD_ADD to FADING
ABB,FADING,HOLD_ADD,📈 UPGRADE (Action: Accumulate/Hold),Changed from FADING to HOLD_ADD
SIEMENS,CAUTIOUS,HOLD_ADD,📈 UPGRADE (Action: Accumulate/Hold),Changed from CAUTIOUS to HOLD_ADD
VBL,EXIT,WAIT,📈 UPGRADE (Action: Watch closely),Changed from EXIT to WAIT
PFC,EXIT,WAIT,📈 UPGRADE (Action: Watch closely),Changed from EXIT to WAIT
BPCL,EXIT,WAIT,📈 UPGRADE (Action: Watch closely),Changed from EXIT to WAIT
ICICIBANK,WAIT,BULLISH,🚀 NEW BUY (Action: Buy Now),Changed from WAIT to BULLISH
TATASTEEL,CAUTIOUS,EXIT,🚨 NEW SELL (Action: Sell Now),Changed from CAUTIOUS to EXIT
ICICIGI,WAIT,EXIT,🚨 NEW SELL (Action: Sell Now),Changed from WAIT to EXIT
